timestamp,open,high,low,close,volume,amount,timeframe,symbol,daily_return,price_change,price_range,ma_20,ma_50,ma_200,rsi
2025-02-17,8.2,8.75,8.17,8.75,1431182,1229617234.0,1d,601777.SH,,0.5500000000000007,0.5800000000000001,,,,
2025-02-18,8.81,8.81,7.88,7.88,1810711,1462810483.0,1d,601777.SH,-0.09942857142857142,-0.9300000000000006,0.9300000000000006,,,,
2025-02-19,7.78,8.67,7.74,8.67,1698920,1420243298.0,1d,601777.SH,0.10025380710659904,0.8899999999999997,0.9299999999999997,,,,
2025-02-20,8.68,8.97,8.63,8.71,1233037,1081221534.0,1d,601777.SH,0.0046136101499423265,0.030000000000001137,0.33999999999999986,,,,
2025-02-21,8.63,9.18,8.59,9.05,1256280,1112826701.0,1d,601777.SH,0.03903559127439715,0.41999999999999993,0.5899999999999999,,,,
2025-02-24,9.06,9.9,9.05,9.68,1543174,1470001527.0,1d,601777.SH,0.06961325966850818,0.6199999999999992,0.8499999999999996,,,,
2025-02-25,9.3,10.5,9.3,10.2,1541186,1551879538.0,1d,601777.SH,0.05371900826446274,0.8999999999999986,1.1999999999999993,,,,
2025-02-26,10.35,10.4,9.8,9.92,1336763,1334766028.0,1d,601777.SH,-0.027450980392156765,-0.4299999999999997,0.5999999999999996,,,,
2025-02-27,10.1,10.46,9.71,10.3,1422716,1427540044.0,1d,601777.SH,0.03830645161290325,0.20000000000000107,0.75,,,,
2025-02-28,10.23,10.4,9.48,9.57,1249390,1218213101.0,1d,601777.SH,-0.07087378640776698,-0.6600000000000001,0.9199999999999999,,,,
2025-03-03,9.73,10.11,9.1,9.16,1345078,1287247703.0,1d,601777.SH,-0.0428422152560084,-0.5700000000000003,1.0099999999999998,,,,
2025-03-04,9.17,9.4,8.96,9.19,829755,761667740.0,1d,601777.SH,0.0032751091703056012,0.019999999999999574,0.4399999999999995,,,,
2025-03-05,9.25,9.31,8.81,9.09,839590,754996409.0,1d,601777.SH,-0.01088139281828071,-0.16000000000000014,0.5,,,,
2025-03-06,9.16,9.34,9.07,9.2,695705,641453574.0,1d,601777.SH,0.012101210121012063,0.03999999999999915,0.2699999999999996,,,,54.302103250478005
2025-03-07,9.14,9.35,9.03,9.11,619490,569433862.0,1d,601777.SH,-0.009782608695652173,-0.030000000000001137,0.3200000000000003,,,,53.38345864661654
2025-03-10,9.11,9.13,8.85,9.08,500591,451419933.0,1d,601777.SH,-0.003293084522502654,-0.02999999999999936,0.28000000000000114,,,,63.39285714285715
2025-03-11,8.98,9.05,8.69,8.81,686339,605437588.0,1d,601777.SH,-0.029735682819383213,-0.16999999999999993,0.3600000000000012,,,,51.76767676767678
2025-03-12,8.89,9.19,8.83,9.01,756026,685375509.0,1d,601777.SH,0.022701475595913623,0.11999999999999922,0.35999999999999943,,,,53.640776699029125
2025-03-13,9.0,9.01,8.55,8.67,593063,517818818.0,1d,601777.SH,-0.037735849056603765,-0.33000000000000007,0.4599999999999991,,,,45.388349514563096
2025-03-14,8.64,8.9,8.56,8.84,439437,386851419.0,1d,601777.SH,0.019607843137254832,0.1999999999999993,0.33999999999999986,9.144499999999999,,,38.52459016393442
2025-03-17,8.85,9.0,8.75,8.9,392639,349446519.0,1d,601777.SH,0.006787330316742057,0.05000000000000071,0.25,9.152,,,29.6875
2025-03-18,8.86,8.93,8.71,8.75,367448,322850313.0,1d,601777.SH,-0.016853932584269704,-0.10999999999999943,0.21999999999999886,9.1955,,,30.944625407166114
2025-03-19,8.75,8.77,8.51,8.59,444521,381788448.0,1d,601777.SH,-0.01828571428571435,-0.16000000000000014,0.2599999999999998,9.1915,,,19.999999999999957
2025-03-20,8.51,9.07,8.41,8.78,786088,690021090.0,1d,601777.SH,0.02211874272409764,0.2699999999999996,0.6600000000000001,9.195,,,32.90043290043286
2025-03-21,8.7,8.81,8.25,8.47,663608,558756075.0,1d,601777.SH,-0.03530751708428237,-0.22999999999999865,0.5600000000000005,9.166,,,34.38914027149319
2025-03-24,8.33,8.39,8.05,8.21,473325,388929386.0,1d,601777.SH,-0.030696576151121535,-0.11999999999999922,0.33999999999999986,9.0925,,,29.91803278688525
2025-03-25,8.23,8.27,8.06,8.12,329973,268504188.0,1d,601777.SH,-0.010962241169305886,-0.11000000000000121,0.20999999999999908,8.9885,,,30.041152263374457
2025-03-26,8.14,8.3,8.08,8.2,282677,232092629.0,1d,601777.SH,0.009852216748768461,0.05999999999999872,0.22000000000000064,8.9025,,,29.166666666666657
2025-03-27,8.15,8.33,8.09,8.19,236167,193988364.0,1d,601777.SH,-0.0012195121951219523,0.03999999999999915,0.2400000000000002,8.797,,,30.17241379310343
2025-03-28,8.26,8.46,8.17,8.22,453046,377322687.0,1d,601777.SH,0.003663003663003872,-0.03999999999999915,0.2900000000000009,8.7295,,,31.46551724137933
2025-03-31,8.2,8.39,8.11,8.25,359949,296400066.0,1d,601777.SH,0.0036496350364962904,0.05000000000000071,0.28000000000000114,8.684,,,36.538461538461526
2025-04-01,8.25,8.65,8.18,8.38,585115,492722534.0,1d,601777.SH,0.01575757575757586,0.13000000000000078,0.47000000000000064,8.6435,,,34.328358208955265
2025-04-02,8.39,8.59,8.28,8.57,457921,387500827.0,1d,601777.SH,0.022673031026252843,0.17999999999999972,0.3100000000000005,8.6175,,,47.31182795698926
2025-04-03,8.44,8.53,8.25,8.33,443101,371523577.0,1d,601777.SH,-0.028004667444574083,-0.10999999999999943,0.27999999999999936,8.574,,,36.78756476683939
2025-04-07,7.51,7.98,7.5,7.5,616893,470778938.0,1d,601777.SH,-0.09963985594237701,-0.009999999999999787,0.4800000000000004,8.493500000000001,,,24.074074074074076
2025-04-08,7.51,7.65,7.15,7.39,760656,558955090.0,1d,601777.SH,-0.014666666666666717,-0.1200000000000001,0.5,8.409,,,24.436090225563902
2025-04-09,7.2,7.55,6.65,7.46,764673,542602779.0,1d,601777.SH,0.009472259810554773,0.2599999999999998,0.8999999999999995,8.3415,,,28.015564202334645
2025-04-10,7.61,7.99,7.61,7.83,726752,568117865.0,1d,601777.SH,0.04959785522788196,0.21999999999999975,0.3799999999999999,8.2825,,,32.72727272727275
2025-04-11,7.69,8.23,7.65,8.13,650477,525481088.0,1d,601777.SH,0.03831417624521083,0.4400000000000004,0.5800000000000001,8.2555,,,43.79562043795621
2025-04-14,8.19,8.44,8.13,8.35,499804,413415262.0,1d,601777.SH,0.027060270602705883,0.16000000000000014,0.3099999999999987,8.230999999999998,,,52.592592592592574
2025-04-15,8.35,8.4,8.22,8.35,308862,256739488.0,1d,601777.SH,0.0,0.0,0.17999999999999972,8.203500000000002,,,54.406130268199234
2025-04-16,8.3,8.31,7.99,8.05,374421,303790534.0,1d,601777.SH,-0.03592814371257469,-0.25,0.3200000000000003,8.1685,,,47.34982332155479
2025-04-17,8.03,8.2,7.99,8.15,242498,197394721.0,1d,601777.SH,0.012422360248447228,0.120000000000001,0.20999999999999908,8.1465,,,49.315068493150704
2025-04-18,8.05,8.65,8.05,8.58,571628,480227310.0,1d,601777.SH,0.052760736196318936,0.5299999999999994,0.5999999999999996,8.136500000000002,,,55.421686746987945
2025-04-21,8.3,8.45,8.09,8.33,550652,455521609.0,1d,601777.SH,-0.029137529137529095,0.02999999999999936,0.35999999999999943,8.1295,,,51.12994350282486
2025-04-22,8.25,8.32,8.09,8.1,374447,305098997.0,1d,601777.SH,-0.027611044417767183,-0.15000000000000036,0.23000000000000043,8.123999999999999,,,46.153846153846146
2025-04-23,8.1,8.24,8.04,8.11,287165,233511529.0,1d,601777.SH,0.0012345679012344402,0.009999999999999787,0.20000000000000107,8.1235,,,43.352601156069355
2025-04-24,8.12,8.25,8.06,8.08,277326,225656548.0,1d,601777.SH,-0.0036991368680640013,-0.03999999999999915,0.1899999999999995,8.1175,,,46.15384615384615
2025-04-25,8.12,8.49,8.11,8.33,552596,461020906.0,1d,601777.SH,0.030940594059405857,0.21000000000000085,0.3800000000000008,8.124500000000001,,,65.5430711610487
2025-04-28,8.38,8.5,8.24,8.43,374601,314077308.0,1d,601777.SH,0.01200480192076836,0.049999999999998934,0.2599999999999998,8.135000000000002,8.6004,,69.54887218045116
2025-04-29,8.46,8.87,8.34,8.76,579608,501688376.0,1d,601777.SH,0.039145907473309594,0.29999999999999893,0.5299999999999994,8.1605,8.6006,,72.26027397260276
2025-04-30,8.76,8.99,8.75,8.86,519770,460993313.0,1d,601777.SH,0.011415525114155223,0.09999999999999964,0.2400000000000002,8.1845,8.6202,,69.43396226415095
2025-05-06,8.91,9.07,8.8,8.95,431910,386090650.0,1d,601777.SH,0.010158013544018019,0.03999999999999915,0.2699999999999996,8.2035,8.6258,,66.80327868852459
2025-05-07,9.17,9.31,8.95,9.0,581570,531929177.0,1d,601777.SH,0.005586592178770999,-0.16999999999999993,0.3600000000000012,8.237,8.631599999999999,,64.3171806167401
2025-05-08,9.05,9.39,9.03,9.23,464694,430002851.0,1d,601777.SH,0.025555555555555554,0.17999999999999972,0.3600000000000012,8.3235,8.6352,,67.60000000000002
2025-05-09,9.23,9.49,9.0,9.01,462700,422167021.0,1d,601777.SH,-0.023835319609967542,-0.22000000000000064,0.4900000000000002,8.4045,8.6218,,69.83471074380164
2025-05-12,9.12,9.12,8.82,8.93,414557,368701099.0,1d,601777.SH,-0.008879023307436174,-0.1899999999999995,0.29999999999999893,8.478,8.5964,,66.24999999999999
2025-05-13,9.03,9.14,8.86,8.98,348020,312418630.0,1d,601777.SH,0.005599104143337197,-0.049999999999998934,0.28000000000000114,8.5355,8.5776,,59.90099009900991
2025-05-14,8.92,9.0,8.7,8.79,371752,327369487.0,1d,601777.SH,-0.021158129175946727,-0.13000000000000078,0.3000000000000007,8.5685,8.5474,,61.73469387755098
2025-05-15,8.75,8.79,8.5,8.71,341674,295456386.0,1d,601777.SH,-0.0091012514220703,-0.03999999999999915,0.28999999999999915,8.586500000000001,8.5302,,66.8508287292818
2025-05-16,8.73,8.9,8.61,8.71,301250,263603841.0,1d,601777.SH,0.0,-0.019999999999999574,0.2900000000000009,8.604499999999998,8.5212,,66.6666666666667
2025-05-19,8.78,8.81,8.55,8.72,301301,261010807.0,1d,601777.SH,0.0011481056257174327,-0.05999999999999872,0.2599999999999998,8.638,8.511800000000001,,67.97752808988764
2025-05-20,8.72,8.95,8.58,8.94,445295,393757563.0,1d,601777.SH,0.025229357798165042,0.21999999999999886,0.3699999999999992,8.6775,8.5088,,67.42857142857142
2025-05-21,8.89,8.99,8.73,8.85,293942,259531257.0,1d,601777.SH,-0.010067114093959662,-0.040000000000000924,0.2599999999999998,8.690999999999999,8.5018,,62.06896551724138
2025-05-22,8.82,8.91,8.76,8.76,214588,189442075.0,1d,601777.SH,-0.01016949152542368,-0.0600000000000005,0.15000000000000036,8.7125,8.4948,,50.0
2025-05-23,8.73,8.87,8.39,8.39,492846,425490838.0,1d,601777.SH,-0.0422374429223743,-0.33999999999999986,0.47999999999999865,8.727,8.481,,36.723163841807946
2025-05-26,8.37,8.49,8.16,8.41,340308,283738392.0,1d,601777.SH,0.0023837902264600697,0.040000000000000924,0.33000000000000007,8.742,8.472999999999999,,34.11764705882355
2025-05-27,8.42,8.43,8.22,8.36,213048,177178992.0,1d,601777.SH,-0.005945303210463826,-0.0600000000000005,0.20999999999999908,8.756,8.46,,31.176470588235276
2025-05-28,8.38,8.43,8.15,8.2,253963,210297548.0,1d,601777.SH,-0.019138755980861233,-0.1800000000000015,0.27999999999999936,8.749500000000001,8.4506,,18.404907975460077
2025-05-29,8.12,8.45,8.12,8.4,343304,288037527.0,1d,601777.SH,0.024390243902439046,0.28000000000000114,0.33000000000000007,8.748,8.4418,,31.055900621118028
2025-05-30,8.39,8.39,8.2,8.28,254025,209966204.0,1d,601777.SH,-0.014285714285714457,-0.11000000000000121,0.19000000000000128,8.724,8.4294,,30.303030303030283
2025-06-03,8.27,8.42,8.12,8.27,234603,194262627.0,1d,601777.SH,-0.0012077294685990392,0.0,0.3000000000000007,8.694500000000001,8.419799999999999,,27.950310559006184
2025-06-04,8.33,8.44,8.29,8.33,239666,200246589.0,1d,601777.SH,0.007255139056832061,0.0,0.15000000000000036,8.663499999999999,8.4146,,34.45945945945948
2025-06-05,8.34,8.53,8.25,8.47,311038,262303731.0,1d,601777.SH,0.016806722689075793,0.13000000000000078,0.27999999999999936,8.637,8.408399999999999,,42.2077922077922
2025-06-06,8.53,8.53,8.33,8.39,267933,225070902.0,1d,601777.SH,-0.009445100354191216,-0.1399999999999988,0.1999999999999993,8.595,8.4068,,40.12345679012345
2025-06-09,8.36,8.67,8.36,8.58,314225,268351872.0,1d,601777.SH,0.02264600715137055,0.22000000000000064,0.3100000000000005,8.5735,8.414200000000001,,46.1111111111111
2025-06-10,8.58,8.73,8.39,8.41,320004,272098455.0,1d,601777.SH,-0.019813519813519753,-0.16999999999999993,0.33999999999999986,8.547500000000001,8.42,,34.85714285714289
2025-06-11,8.42,8.54,8.39,8.4,203166,171931889.0,1d,601777.SH,-0.0011890606420926764,-0.019999999999999574,0.14999999999999858,8.5185,8.424,,36.52694610778447
2025-06-12,8.42,8.96,8.33,8.8,739466,646687926.0,1d,601777.SH,0.04761904761904767,0.3800000000000008,0.6300000000000008,8.519,8.4362,,51.010101010101025
2025-06-13,8.76,8.78,8.42,8.43,511236,435790092.0,1d,601777.SH,-0.04204545454545461,-0.33000000000000007,0.35999999999999943,8.504999999999999,8.4404,,51.01010101010098
2025-06-16,8.4,8.48,8.27,8.45,267165,224410462.0,1d,601777.SH,0.0023724792408066353,0.049999999999998934,0.21000000000000085,8.492,8.4444,,51.01010101010098
2025-06-17,8.46,8.5,8.38,8.47,192736,162513229.0,1d,601777.SH,0.002366863905325589,0.009999999999999787,0.11999999999999922,8.4795,8.4462,,52.820512820512846
2025-06-18,8.47,8.69,8.35,8.67,441509,377716325.0,1d,601777.SH,0.023612750885477984,0.1999999999999993,0.33999999999999986,8.466,8.4482,,61.80904522613065
2025-06-19,8.64,8.65,8.21,8.25,555961,465072566.0,1d,601777.SH,-0.04844290657439443,-0.39000000000000057,0.4399999999999995,8.436,8.4466,,46.60633484162896
2025-06-20,8.25,8.33,8.13,8.29,247871,204101365.0,1d,601777.SH,0.004848484848484658,0.03999999999999915,0.1999999999999993,8.4125,8.4624,,50.23474178403755
2025-06-23,8.22,8.56,8.19,8.48,401252,336307736.0,1d,601777.SH,0.02291917973462021,0.2599999999999998,0.370000000000001,8.416999999999998,8.4842,,54.54545454545456
2025-06-24,8.8,9.1,8.66,8.88,743457,661560008.0,1d,601777.SH,0.04716981132075482,0.08000000000000007,0.4399999999999995,8.4405,8.512599999999999,,60.377358490566046
2025-06-25,8.83,8.96,8.81,8.93,427229,380116001.0,1d,601777.SH,0.005630630630630407,0.09999999999999964,0.15000000000000036,8.469,8.5346,,58.98437499999998
2025-06-26,8.88,8.95,8.53,8.56,506081,438699751.0,1d,601777.SH,-0.04143337066069419,-0.3200000000000003,0.41999999999999993,8.486999999999998,8.543199999999999,,52.98245614035088
2025-06-27,8.56,8.62,8.44,8.47,292215,248959252.0,1d,601777.SH,-0.010514018691588745,-0.08999999999999986,0.17999999999999972,8.4905,8.5456,,48.00000000000001
2025-06-30,8.42,8.49,8.4,8.49,245652,207274738.0,1d,601777.SH,0.0023612750885477762,0.07000000000000028,0.08999999999999986,8.501000000000001,8.5484,,51.53846153846154
2025-07-01,8.53,8.58,8.42,8.45,228202,193285417.0,1d,601777.SH,-0.004711425206124997,-0.08000000000000007,0.16000000000000014,8.51,8.5564,,50.9505703422053
2025-07-02,8.45,8.45,8.32,8.34,199929,167367732.0,1d,601777.SH,-0.013017751479289852,-0.10999999999999943,0.129999999999999,8.5105,8.5602,,40.17094017094015
2025-07-03,8.36,8.39,8.28,8.34,148606,123761309.0,1d,601777.SH,0.0,-0.019999999999999574,0.11000000000000121,8.504,8.5554,,47.71573604060914
2025-07-04,8.3,8.38,8.27,8.32,140300,116916907.0,1d,601777.SH,-0.0023980815347721673,0.019999999999999574,0.11000000000000121,8.500499999999999,8.5552,,46.70050761421322
2025-07-07,8.37,8.37,8.27,8.28,174002,144330693.0,1d,601777.SH,-0.004807692307692402,-0.08999999999999986,0.09999999999999964,8.485499999999998,8.5588,,45.226130653266296
2025-07-08,8.26,8.33,8.24,8.28,167405,138495124.0,1d,601777.SH,0.0,0.019999999999999574,0.08999999999999986,8.479,8.5622,,39.10614525139662
2025-07-09,8.3,8.32,8.25,8.28,162659,134605616.0,1d,601777.SH,0.0,-0.02000000000000135,0.07000000000000028,8.472999999999999,8.5662,,51.09489051094888
2025-07-10,8.25,8.5,8.2,8.46,352153,293939897.0,1d,601777.SH,0.021739130434782705,0.21000000000000085,0.3000000000000007,8.456,8.568800000000001,,55.629139072847735
2025-07-11,8.42,8.52,8.36,8.38,218301,183811826.0,1d,601777.SH,-0.009456264775413725,-0.03999999999999915,0.16000000000000014,8.4535,8.5678,,46.428571428571445
2025-07-14,8.33,8.39,8.32,8.36,137443,114837449.0,1d,601777.SH,-0.0023866348448688957,0.02999999999999936,0.07000000000000028,8.449000000000002,8.5598,,24.50980392156859
2025-07-15,8.33,8.49,8.29,8.31,205756,171984834.0,1d,601777.SH,-0.005980861244018976,-0.019999999999999574,0.20000000000000107,8.441,8.5488,,19.607843137254974
2025-07-16,8.3,8.43,8.25,8.36,189875,158643823.0,1d,601777.SH,0.006016847172081619,0.05999999999999872,0.17999999999999972,8.4255,8.537,,35.714285714285666
2025-07-17,8.36,8.52,8.32,8.45,251924,211921211.0,1d,601777.SH,0.010765550239234534,0.08999999999999986,0.1999999999999993,8.4355,8.526,,48.57142857142848
2025-07-18,8.44,8.65,8.41,8.6,321003,273956836.0,1d,601777.SH,0.01775147928994092,0.16000000000000014,0.2400000000000002,8.451,8.5134,,56.626506024096344
2025-07-21,8.57,8.69,8.56,8.64,267154,230446977.0,1d,601777.SH,0.0046511627906977715,0.07000000000000028,0.129999999999999,8.459,8.506,,61.445783132530174
2025-07-22,8.65,8.65,8.41,8.43,297398,253597971.0,1d,601777.SH,-0.02430555555555569,-0.22000000000000064,0.2400000000000002,8.436499999999999,8.496,,54.83870967741933
2025-07-23,8.48,8.56,8.38,8.43,215089,182295922.0,1d,601777.SH,0.0,-0.05000000000000071,0.17999999999999972,8.4115,8.485,,54.83870967741933
2025-07-24,8.42,8.49,8.32,8.36,308627,258378040.0,1d,601777.SH,-0.008303677342823335,-0.0600000000000005,0.16999999999999993,8.4015,8.476400000000002,,52.04081632653057
2025-07-25,8.37,8.64,8.34,8.48,365567,310745835.0,1d,601777.SH,0.014354066985646119,0.11000000000000121,0.3000000000000007,8.402000000000001,8.4718,,59.433962264150956
2025-07-28,8.56,8.68,8.48,8.53,330243,282628154.0,1d,601777.SH,0.00589622641509413,-0.030000000000001137,0.1999999999999993,8.404,8.468200000000001,,61.261261261261225
2025-07-29,8.53,8.55,8.27,8.33,385762,322422869.0,1d,601777.SH,-0.023446658851113633,-0.1999999999999993,0.28000000000000114,8.398,8.4604,,51.90839694656491
2025-07-30,8.31,8.42,8.25,8.3,270863,225052910.0,1d,601777.SH,-0.0036014405762304635,-0.009999999999999787,0.16999999999999993,8.396,8.4476,,43.103448275862064
2025-07-31,8.27,8.32,8.15,8.22,316152,259770039.0,1d,601777.SH,-0.009638554216867434,-0.049999999999998934,0.16999999999999993,8.39,8.435,,43.103448275862064
2025-08-01,8.22,8.55,8.2,8.32,359495,301619116.0,1d,601777.SH,0.012165450121654375,0.09999999999999964,0.3500000000000014,8.39,8.4262,,48.38709677419358
2025-08-04,8.3,8.39,8.18,8.39,281399,232593362.0,1d,601777.SH,0.008413461538461675,0.08999999999999986,0.21000000000000085,8.395500000000002,8.4262,,53.17460317460318
2025-08-05,8.4,8.89,8.36,8.65,826060,719259412.0,1d,601777.SH,0.030989272943980906,0.25,0.5300000000000011,8.414,8.431000000000001,,59.86394557823132
2025-08-06,8.65,8.77,8.56,8.76,462227,401780920.0,1d,601777.SH,0.012716763005780285,0.10999999999999943,0.20999999999999908,8.438,8.439,,60.4026845637584
2025-08-07,8.76,9.16,8.75,9.09,754717,676664699.0,1d,601777.SH,0.03767123287671237,0.33000000000000007,0.41000000000000014,8.4695,8.456800000000001,,64.67065868263474
2025-08-08,9.09,9.37,8.9,9.22,642351,589611335.0,1d,601777.SH,0.014301430143014437,0.13000000000000078,0.46999999999999886,8.511500000000002,8.473199999999999,,66.47727272727272
2025-08-11,9.25,9.7,9.18,9.63,750412,715226361.0,1d,601777.SH,0.04446854663774413,0.3800000000000008,0.5199999999999996,8.575,8.5002,,80.61224489795923
2025-08-12,9.63,9.82,9.51,9.75,568031,549048959.0,1d,601777.SH,0.012461059190031154,0.11999999999999922,0.3100000000000005,8.647,8.5298,,81.73076923076925
2025-08-13,9.76,10.18,9.66,10.09,590458,586296454.0,1d,601777.SH,0.034871794871794926,0.33000000000000007,0.5199999999999996,8.733500000000001,8.565,,86.80851063829792
2025-08-14,10.08,10.22,9.8,9.84,703426,701696654.0,1d,601777.SH,-0.024777006937561907,-0.2400000000000002,0.41999999999999993,8.803,8.5924,,77.4193548387097
2025-08-15,9.84,10.23,9.72,10.16,596557,601067567.0,1d,601777.SH,0.03252032520325199,0.3200000000000003,0.5099999999999998,8.881,8.6278,,79.63636363636367
2025-08-18,10.25,10.96,10.25,10.79,746170,797506706.0,1d,601777.SH,0.06200787401574792,0.5399999999999991,0.7100000000000009,8.9885,8.671999999999999,,88.67924528301887
2025-08-19,10.79,10.96,10.61,10.9,570617,617692082.0,1d,601777.SH,0.010194624652456019,0.11000000000000121,0.3500000000000014,9.112,8.7218,,89.87730061349693
2025-08-20,11.0,11.37,10.75,11.24,639848,704666270.0,1d,601777.SH,0.031192660550458662,0.2400000000000002,0.6199999999999992,9.2525,8.7786,,92.89772727272727
2025-08-21,11.24,11.29,10.76,10.86,686308,751141442.0,1d,601777.SH,-0.03380782918149472,-0.3800000000000008,0.5299999999999994,9.377500000000001,8.819799999999999,,83.42105263157893
2025-08-22,10.83,11.03,10.75,10.93,497590,542185423.0,1d,601777.SH,0.006445672191528473,0.09999999999999964,0.27999999999999936,9.5,8.8698,,83.42105263157893
2025-08-25,10.8,10.98,10.5,10.64,1072596,1147028992.0,1d,601777.SH,-0.02653247941445558,-0.16000000000000014,0.4800000000000004,9.605500000000001,8.9136,,75.97911227154047
2025-08-26,10.7,10.97,10.56,10.83,615049,661237187.0,1d,601777.SH,0.017857142857142794,0.13000000000000078,0.41000000000000014,9.730500000000001,8.9608,,76.47058823529412
2025-08-27,10.9,11.44,10.83,10.93,930146,1037141256.0,1d,601777.SH,0.009233610341643494,0.02999999999999936,0.6099999999999994,9.861999999999998,9.006,,75.0
2025-08-28,10.95,11.58,10.83,11.57,812464,917407794.0,1d,601777.SH,0.05855443732845389,0.620000000000001,0.75,10.0295,9.0724,,78.04295942720763
2025-08-29,11.57,12.1,11.42,11.82,737048,867672578.0,1d,601777.SH,0.021607605877268732,0.25,0.6799999999999997,10.2045,9.142999999999999,,77.1712158808933
2025-09-01,11.82,12.33,11.82,12.1,755523,915943832.0,1d,601777.SH,0.02368866328257191,0.27999999999999936,0.5099999999999998,10.389999999999999,9.2154,,78.04295942720763
2025-09-02,12.13,12.18,11.63,11.77,708563,838181997.0,1d,601777.SH,-0.027272727272727226,-0.3600000000000012,0.5499999999999989,10.546000000000001,9.273200000000001,,70.09569377990431
2025-09-03,11.92,12.1,11.45,11.61,553260,647823506.0,1d,601777.SH,-0.0135938827527613,-0.3100000000000005,0.6500000000000004,10.6885,9.3268,,71.63814180929094
2025-09-04,11.75,11.77,10.97,11.2,717989,815051642.0,1d,601777.SH,-0.03531438415159349,-0.5500000000000007,0.7999999999999989,10.794,9.3796,,62.44019138755979
2025-09-05,11.2,11.45,10.95,11.38,482214,539713421.0,1d,601777.SH,0.016071428571428736,0.1800000000000015,0.5,10.902,9.4378,,57.908847184986605
2025-09-08,11.55,11.68,11.1,11.34,476793,540958365.0,1d,601777.SH,-0.0035149384885765356,-0.21000000000000085,0.5800000000000001,10.9875,9.4948,,56.010928961748625
2025-09-09,11.3,11.38,11.12,11.14,346523,388960901.0,1d,601777.SH,-0.017636684303350858,-0.16000000000000014,0.26000000000000156,11.056999999999999,9.5486,,48.57954545454547
2025-09-10,11.16,11.53,11.13,11.18,426781,483222921.0,1d,601777.SH,0.0035906642728904536,0.019999999999999574,0.3999999999999986,11.1115,9.6054,,55.03144654088051
2025-09-11,11.18,11.33,11.05,11.31,418256,469834798.0,1d,601777.SH,0.011627906976744207,0.13000000000000078,0.27999999999999936,11.184999999999999,9.6648,,55.86419753086421
2025-09-12,11.34,11.44,11.22,11.28,335375,379727693.0,1d,601777.SH,-0.0026525198938992522,-0.0600000000000005,0.21999999999999886,11.241,9.724,,60.73825503355702
2025-09-15,11.33,11.99,11.33,11.45,727249,850090173.0,1d,601777.SH,0.01507092198581561,0.11999999999999922,0.6600000000000001,11.274,9.7874,,60.47297297297295
2025-09-16,11.46,11.62,11.25,11.58,422574,483650154.0,1d,601777.SH,0.011353711790393017,0.11999999999999922,0.3699999999999992,11.308,9.853399999999999,,60.8695652173913
2025-09-17,11.6,12.05,11.45,11.88,565685,663219192.0,1d,601777.SH,0.02590673575129543,0.28000000000000114,0.6000000000000014,11.34,9.9254,,55.84905660377358
2025-09-18,11.89,13.07,11.89,12.77,1353141,1726247630.0,1d,601777.SH,0.07491582491582482,0.879999999999999,1.1799999999999997,11.435500000000001,10.0116,,64.43768996960483
2025-09-19,13.1,13.18,11.49,11.49,1625481,1932108733.0,1d,601777.SH,-0.10023492560689107,-1.6099999999999994,1.6899999999999995,11.4635,10.0738,,42.89044289044289
2025-09-22,11.49,12.4,11.45,12.33,1522518,1847135726.0,1d,601777.SH,0.07310704960835501,0.8399999999999999,0.9500000000000011,11.548,10.1532,,55.83333333333334
2025-09-23,12.33,12.74,12.21,12.52,905227,1124939007.0,1d,601777.SH,0.01540957015409572,0.1899999999999995,0.5299999999999994,11.632499999999999,10.237400000000001,,59.42028985507246
2025-09-24,12.5,13.45,12.3,13.16,919528,1188089864.0,1d,601777.SH,0.051118210862619806,0.6600000000000001,1.1499999999999986,11.744000000000002,10.3334,,69.36758893280633
2025-09-25,13.56,13.86,12.67,12.99,1166319,1533661047.0,1d,601777.SH,-0.01291793313069911,-0.5700000000000003,1.1899999999999995,11.815,10.4242,,65.94059405940592
2025-09-26,13.1,13.68,12.99,13.15,888913,1186640285.0,1d,601777.SH,0.012317167051578037,0.05000000000000071,0.6899999999999995,11.881499999999999,10.5152,,67.50483558994198
2025-09-29,13.33,13.33,12.01,12.42,1073484,1334038286.0,1d,601777.SH,-0.05551330798479093,-0.9100000000000001,1.3200000000000003,11.897499999999999,10.5908,,61.22807017543859
2025-09-30,12.51,12.83,12.41,12.43,683455,859909135.0,1d,601777.SH,0.0008051529790660261,-0.08000000000000007,0.41999999999999993,11.930499999999999,10.670800000000002,,61.022927689594354
2025-10-09,12.45,12.55,11.96,11.97,860227,1041856732.0,1d,601777.SH,-0.0370072405470635,-0.47999999999999865,0.5899999999999999,11.9485,10.7416,,55.5
2025-10-10,11.98,12.1,11.79,11.81,609873,728451526.0,1d,601777.SH,-0.013366750208855471,-0.16999999999999993,0.3100000000000005,11.979,10.810599999999999,,54.32300163132138
2025-10-13,11.28,11.45,11.08,11.32,721510,814510600.0,1d,601777.SH,-0.041490262489415786,0.040000000000000924,0.3699999999999992,11.975999999999999,10.8674,,48.99224806201551
2025-10-14,11.65,11.82,11.15,11.21,582228,666457111.0,1d,601777.SH,-0.009717314487632467,-0.4399999999999995,0.6699999999999999,11.9695,10.921,,47.122861586314166
2025-10-15,11.23,11.9,11.15,11.84,723257,841157813.0,1d,601777.SH,0.05619982158786785,0.6099999999999994,0.75,12.0045,10.9912,,49.70414201183431
2025-10-16,11.85,12.33,11.8,11.97,863326,1041334970.0,1d,601777.SH,0.010979729729729826,0.120000000000001,0.5299999999999994,12.044,11.0646,,43.33333333333334
2025-10-17,12.05,12.05,11.34,11.39,539133,621715746.0,1d,601777.SH,-0.04845446950710108,-0.6600000000000001,0.7100000000000009,12.048,11.128,,49.05660377358491
2025-10-20,11.52,11.58,11.17,11.25,310979,352167951.0,1d,601777.SH,-0.012291483757682187,-0.2699999999999996,0.41000000000000014,12.0465,11.1866,,38.26086956521739
2025-10-21,11.3,11.41,11.12,11.32,341166,383600664.0,1d,601777.SH,0.006222222222222351,0.019999999999999574,0.2900000000000009,12.040000000000001,11.2452,,36.60714285714286
2025-10-22,11.3,11.32,11.12,11.13,234176,261774647.0,1d,601777.SH,-0.016784452296819796,-0.16999999999999993,0.20000000000000107,12.0175,11.2948,,24.81389578163771
2025-10-23,11.13,11.2,10.83,11.13,289266,318515768.0,1d,601777.SH,0.0,0.0,0.3699999999999992,11.98,11.3422,,25.90673575129533
2025-10-24,11.23,11.38,11.11,11.33,445740,500803942.0,1d,601777.SH,0.017969451931715952,0.09999999999999964,0.27000000000000135,11.908,11.387,,26.666666666666643
2025-10-27,11.5,11.54,11.11,11.21,346002,390544567.0,1d,601777.SH,-0.010591350397175625,-0.28999999999999915,0.4299999999999997,11.894000000000002,11.4268,,31.61094224924011
2025-10-28,11.2,11.58,11.13,11.41,421051,479809738.0,1d,601777.SH,0.017841213202497652,0.21000000000000085,0.4499999999999993,11.848,11.4624,,35.34482758620689
2025-10-29,11.49,11.76,11.3,11.65,381589,441064526.0,1d,601777.SH,0.021034180543382908,0.16000000000000014,0.4599999999999991,11.8045,11.500399999999999,,45.09202453987729
2025-10-30,11.65,11.88,11.54,11.6,353969,412795582.0,1d,601777.SH,-0.0042918454935623185,-0.05000000000000071,0.34000000000000163,11.7265,11.5306,,46.66666666666666
2025-10-31,11.62,12.03,11.5,11.91,466557,553155664.0,1d,601777.SH,0.026724137931034564,0.2900000000000009,0.5299999999999994,11.672500000000001,11.571999999999997,,59.93265993265993
2025-11-03,11.91,12.0,11.51,11.66,462621,541487573.0,1d,601777.SH,-0.02099076406381195,-0.25,0.4900000000000002,11.598,11.602,,57.23472668810289
2025-11-04,11.7,11.7,11.31,11.43,282809,323603354.0,1d,601777.SH,-0.019725557461406584,-0.2699999999999996,0.3899999999999988,11.5485,11.6148,,42.435424354243544
2025-11-05,11.35,11.77,11.31,11.58,282288,328058846.0,1d,601777.SH,0.013123359580052618,0.23000000000000043,0.4599999999999991,11.506,11.628400000000001,,42.85714285714284
2025-11-06,11.66,12.2,11.6,12.08,604166,719681628.0,1d,601777.SH,0.04317789291882557,0.41999999999999993,0.5999999999999996,11.511500000000002,11.645199999999999,,63.01886792452829
2025-11-07,12.11,12.35,11.93,12.13,428355,520505353.0,1d,601777.SH,0.004139072847682224,0.02000000000000135,0.41999999999999993,11.5275,11.670600000000002,,67.18750000000001
2025-11-10,12.27,12.55,11.84,11.88,460277,559024100.0,1d,601777.SH,-0.0206100577081616,-0.3899999999999988,0.7100000000000009,11.5555,11.6896,,60.21897810218979
2025-11-11,11.83,11.91,11.5,11.53,382054,444570880.0,1d,601777.SH,-0.029461279461279632,-0.3000000000000007,0.41000000000000014,11.5715,11.7074,,56.8965517241379
2025-11-12,11.53,11.6,11.37,11.38,210186,240891596.0,1d,601777.SH,-0.013009540329574909,-0.14999999999999858,0.23000000000000043,11.5485,11.7184,,54.09836065573771
2025-11-13,11.44,11.46,11.16,11.37,250910,284038614.0,1d,601777.SH,-0.0008787346221442727,-0.07000000000000028,0.3000000000000007,11.5185,11.7272,,50.69930069930069
2025-11-14,11.33,11.39,11.2,11.25,193859,218787917.0,1d,601777.SH,-0.01055408970976246,-0.08000000000000007,0.19000000000000128,11.5115,11.720800000000002,,50.69930069930069
2025-11-17,10.93,11.33,10.81,11.17,282969,315288932.0,1d,601777.SH,-0.007111111111111068,0.2400000000000002,0.5199999999999996,11.5075,11.707799999999999,,45.620437956204384
2025-11-18,11.18,11.48,11.15,11.39,278846,314725011.0,1d,601777.SH,0.01969561324977631,0.21000000000000085,0.33000000000000007,11.511,11.693599999999998,,45.22058823529413
2025-11-19,11.5,11.55,11.22,11.26,223657,253309693.0,1d,601777.SH,-0.011413520632133523,-0.2400000000000002,0.33000000000000007,11.5175,11.683399999999999,,43.92857142857144
2025-11-20,11.35,11.35,10.98,11.09,200015,223128903.0,1d,601777.SH,-0.015097690941385467,-0.2599999999999998,0.3699999999999992,11.5155,11.673,,34.586466165413555
2025-11-21,11.1,11.21,10.79,10.88,290361,318886269.0,1d,601777.SH,-0.018935978358881833,-0.21999999999999886,0.4200000000000017,11.493,11.6666,,35.11450381679393
2025-11-24,10.94,11.05,10.65,10.81,412039,447125341.0,1d,601777.SH,-0.006433823529411797,-0.129999999999999,0.40000000000000036,11.472999999999999,11.655200000000002,,37.39837398373987
2025-11-25,10.89,10.94,10.37,10.5,426456,454134471.0,1d,601777.SH,-0.028677150786309058,-0.39000000000000057,0.5700000000000003,11.427499999999998,11.6384,,29.38931297709925
2025-11-26,10.47,10.62,10.37,10.5,227054,238240624.0,1d,601777.SH,0.0,0.02999999999999936,0.25,11.37,11.625600000000002,,12.735849056603811
2025-11-27,10.5,10.57,10.31,10.32,228185,238373528.0,1d,601777.SH,-0.017142857142857126,-0.17999999999999972,0.2599999999999998,11.306000000000001,11.6084,,9.7777777777778
2025-11-28,10.38,10.73,10.26,10.72,305141,321119888.0,1d,601777.SH,0.03875968992248069,0.33999999999999986,0.47000000000000064,11.246500000000001,11.5966,,25.833333333333357
2025-12-01,10.71,10.75,10.48,10.54,221213,234045303.0,1d,601777.SH,-0.01679104477611959,-0.1700000000000017,0.2699999999999996,11.1905,11.581800000000001,,27.802690582959656
2025-12-02,10.51,10.54,10.27,10.43,209760,217084160.0,1d,601777.SH,-0.010436432637571103,-0.08000000000000007,0.2699999999999996,11.1405,11.5614,,28.310502283105023
2025-12-03,10.42,10.46,10.07,10.1,241031,246037561.0,1d,601777.SH,-0.03163950143815919,-0.3200000000000003,0.39000000000000057,11.066500000000001,11.531799999999999,,24.70119521912352
2025-12-04,10.16,10.21,10.04,10.14,199820,202431610.0,1d,601777.SH,0.003960396039603964,-0.019999999999999574,0.1700000000000017,10.9695,11.497,,27.160493827160536
2025-12-05,10.14,10.32,10.02,10.3,183532,187168216.0,1d,601777.SH,0.015779092702169706,0.16000000000000014,0.3000000000000007,10.878,11.4476,,32.66932270916338
2025-12-08,10.36,10.7,10.34,10.42,275236,289270954.0,1d,601777.SH,0.011650485436893065,0.0600000000000005,0.35999999999999943,10.805000000000001,11.4262,9.66705,29.875518672199163
2025-12-09,10.41,10.59,10.34,10.52,172936,181700390.0,1d,601777.SH,0.009596928982725572,0.10999999999999943,0.25,10.7545,11.390000000000002,9.6759,34.45378151260503
2025-12-10,10.59,10.77,10.32,10.61,247680,262087575.0,1d,601777.SH,0.008555133079847899,0.019999999999999574,0.4499999999999993,10.716000000000001,11.351799999999999,9.689549999999999,39.565217391304344
2025-12-11,10.61,10.69,10.42,10.42,201406,211815132.0,1d,601777.SH,-0.01790763430725728,-0.1899999999999995,0.2699999999999996,10.6685,11.297,9.6983,39.912280701754376
2025-12-12,10.38,10.5,10.32,10.42,155829,162350449.0,1d,601777.SH,0.0,0.03999999999999915,0.17999999999999972,10.627,11.2456,9.706850000000001,41.17647058823528
2025-12-15,10.35,10.38,10.15,10.16,162756,166667556.0,1d,601777.SH,-0.0249520153550864,-0.1899999999999995,0.23000000000000043,10.5765,11.185799999999999,9.7124,42.12962962962963
2025-12-16,10.34,10.46,10.04,10.33,252116,258153696.0,1d,601777.SH,0.0167322834645669,-0.009999999999999787,0.4200000000000017,10.5235,11.144,9.71565,46.351931330472105
2025-12-17,10.3,10.55,10.13,10.42,220240,227300396.0,1d,601777.SH,0.00871248789932233,0.11999999999999922,0.41999999999999993,10.4815,11.1038,9.71675,52.23214285714284
2025-12-18,10.33,10.4,10.2,10.2,156098,160620385.0,1d,601777.SH,-0.021113243761996192,-0.13000000000000078,0.20000000000000107,10.437000000000001,11.068399999999999,9.718150000000001,37.378640776699
2025-12-19,10.2,10.66,10.17,10.45,297703,311528291.0,1d,601777.SH,0.02450980392156854,0.25,0.4900000000000002,10.4155,11.041200000000002,9.7189,47.88732394366197
2025-12-22,10.56,11.06,10.56,10.72,380149,411243269.0,1d,601777.SH,0.02583732057416288,0.16000000000000014,0.5,10.411,11.029199999999998,9.72465,56.33187772925766
2025-12-23,10.69,10.73,10.33,10.4,259932,272611957.0,1d,601777.SH,-0.02985074626865669,-0.28999999999999915,0.40000000000000036,10.406,11.013000000000002,9.730849999999998,56.57894736842106
2025-12-24,10.4,10.71,10.31,10.66,254631,268762686.0,1d,601777.SH,0.02499999999999991,0.2599999999999998,0.40000000000000036,10.414,10.9894,9.7382,60.4
2025-12-25,10.8,10.99,10.71,10.78,229147,247749295.0,1d,601777.SH,0.011257035647279423,-0.02000000000000135,0.27999999999999936,10.437,10.9656,9.746649999999999,59.75609756097559
2025-12-26,10.8,10.85,10.6,10.71,191490,205673249.0,1d,601777.SH,-0.006493506493506329,-0.08999999999999986,0.25,10.436499999999999,10.952,9.7542,56.016597510373465
2025-12-29,10.68,11.15,10.65,10.9,341249,373687973.0,1d,601777.SH,0.017740429505135324,0.22000000000000064,0.5,10.4545,10.945,9.76315,57.60000000000003
2025-12-30,10.83,10.85,10.63,10.7,241427,259162614.0,1d,601777.SH,-0.01834862385321112,-0.13000000000000078,0.21999999999999886,10.468,10.932600000000003,9.77125,51.72413793103448
2025-12-31,10.72,10.79,10.61,10.63,146464,156451472.0,1d,601777.SH,-0.0065420560747662115,-0.08999999999999986,0.17999999999999972,10.494499999999999,10.9226,9.78035,54.21686746987953
2026-01-05,10.7,10.72,10.49,10.6,276115,292380653.0,1d,601777.SH,-0.002822201317027373,-0.09999999999999964,0.23000000000000043,10.517500000000002,10.911999999999999,9.7883,53.57142857142857
2026-01-06,10.6,11.5,10.6,11.41,797231,884872827.0,1d,601777.SH,0.07641509433962268,0.8100000000000005,0.9000000000000004,10.573,10.9136,9.802,70.35830618892507
2026-01-07,11.45,12.18,11.39,11.75,797180,942230094.0,1d,601777.SH,0.029798422436459138,0.3000000000000007,0.7899999999999991,10.639500000000002,10.9244,9.81655,71.91358024691357
2026-01-08,11.65,12.05,11.6,11.9,566241,669224153.0,1d,601777.SH,0.01276595744680864,0.25,0.45000000000000107,10.7085,10.9342,9.83155,72.42424242424242
2026-01-09,11.77,12.22,11.61,12.13,660050,793676504.0,1d,601777.SH,0.019327731092436906,0.3600000000000012,0.6100000000000012,10.7845,10.943800000000001,9.84845,79.15407854984896
2026-01-12,12.15,12.42,11.8,11.95,562538,673265716.0,1d,601777.SH,-0.01483924154987648,-0.20000000000000107,0.6199999999999992,10.861,10.950800000000001,9.86525,73.14814814814812
2026-01-13,11.94,12.01,11.56,11.63,425682,499061440.0,1d,601777.SH,-0.026778242677824138,-0.3099999999999987,0.4499999999999993,10.9215,10.945200000000002,9.8795,63.829787234042556
2026-01-14,11.57,11.75,11.18,11.31,556607,637234133.0,1d,601777.SH,-0.02751504729148757,-0.2599999999999998,0.5700000000000003,10.979,10.9382,9.8937,63.829787234042556
2026-01-15,11.33,11.55,11.22,11.37,334949,380749653.0,1d,601777.SH,0.0053050397877982824,0.03999999999999915,0.33000000000000007,11.031,10.937000000000001,9.909500000000001,61.48867313915857
2026-01-16,11.46,11.6,11.28,11.5,354340,406387572.0,1d,601777.SH,0.011433597185576128,0.03999999999999915,0.3200000000000003,11.084999999999999,10.9354,9.9264,61.61290322580646
2026-01-19,11.48,11.82,11.29,11.66,408642,473362493.0,1d,601777.SH,0.013913043478260834,0.17999999999999972,0.5300000000000011,11.158,10.927,9.9437,64.89028213166142
2026-01-20,11.69,11.77,11.2,11.23,388029,440175739.0,1d,601777.SH,-0.036878216123499064,-0.4599999999999991,0.5700000000000003,11.197000000000001,10.908999999999999,9.958900000000002,54.81049562682216
2026-01-21,11.15,11.51,11.04,11.22,327434,369475220.0,1d,601777.SH,-0.0008904719501335867,0.07000000000000028,0.47000000000000064,11.222000000000001,10.8958,9.9739,58.02469135802471
2026-01-22,11.34,11.4,11.02,11.08,330805,368016148.0,1d,601777.SH,-0.012477718360071388,-0.2599999999999998,0.3800000000000008,11.256,10.886800000000001,9.988050000000001,56.797583081570984
2026-01-23,11.16,11.55,11.08,11.5,506398,574487484.0,1d,601777.SH,0.03790613718411562,0.33999999999999986,0.47000000000000064,11.298,10.8892,10.00365,62.16216216216217
2026-01-26,11.59,12.26,11.5,12.0,957096,1145110909.0,1d,601777.SH,0.04347826086956519,0.41000000000000014,0.7599999999999998,11.359,10.901800000000001,10.020800000000001,58.70206489675516
2026-01-27,12.02,12.08,11.54,11.68,591516,695945261.0,1d,601777.SH,-0.026666666666666727,-0.33999999999999986,0.5400000000000009,11.4075,10.9104,10.03755,48.961424332344215
2026-01-28,11.64,11.65,10.78,10.87,949813,1046225252.0,1d,601777.SH,-0.06934931506849318,-0.7700000000000014,0.870000000000001,11.406,10.9044,10.054400000000001,37.22084367245656
2026-01-29,10.84,10.95,10.55,10.73,442539,475018142.0,1d,601777.SH,-0.012879484820607079,-0.10999999999999943,0.3999999999999986,11.4075,10.891200000000001,10.0711,32.233502538071065
2026-01-30,10.75,10.93,10.43,10.6,309331,328355636.0,1d,601777.SH,-0.012115563839701804,-0.15000000000000036,0.5,11.406,10.878000000000002,10.0868,32.6478149100257
2026-02-02,10.65,10.68,10.27,10.31,310024,324993447.0,1d,601777.SH,-0.027358490566037674,-0.33999999999999986,0.41000000000000014,11.391499999999999,10.862400000000001,10.099200000000002,32.90155440414506
2026-02-03,10.46,10.49,10.27,10.43,202269,210036758.0,1d,601777.SH,0.011639185257031892,-0.030000000000001137,0.22000000000000064,11.3425,10.8534,10.1107,37.97814207650272
2026-02-04,10.4,10.43,10.27,10.41,186521,192883862.0,1d,601777.SH,-0.0019175455417065335,0.009999999999999787,0.16000000000000014,11.2755,10.8454,10.121,36.74033149171272
2026-02-05,10.46,10.54,10.31,10.38,265039,276078445.0,1d,601777.SH,-0.0028818443804033977,-0.08000000000000007,0.22999999999999865,11.199499999999999,10.843,10.13115,34.09090909090909
2026-02-06,10.29,10.5,10.25,10.35,195683,203524550.0,1d,601777.SH,-0.0028901734104047616,0.0600000000000005,0.25,11.110499999999998,10.84,10.14265,30.678466076696154
2026-02-09,10.45,10.6,10.37,10.43,210111,219260724.0,1d,601777.SH,0.007729468599033895,-0.019999999999999574,0.23000000000000043,11.0345,10.8422,10.154050000000002,36.84210526315788
2026-02-10,10.43,10.47,10.33,10.34,157469,163364023.0,1d,601777.SH,-0.00862895493767979,-0.08999999999999986,0.14000000000000057,10.97,10.8346,10.162849999999999,35.897435897435884
2026-02-11,10.43,10.77,10.4,10.57,347349,368713170.0,1d,601777.SH,0.022243713733075543,0.14000000000000057,0.3699999999999992,10.933,10.8352,10.17405,42.05607476635514
2026-02-12,10.51,10.53,10.29,10.35,246270,255246366.0,1d,601777.SH,-0.02081362346263016,-0.16000000000000014,0.2400000000000002,10.882000000000001,10.833599999999999,10.185300000000002,30.897009966777404
